name,cpu,ram,creation_time,exec_time,real_cpu,real_ram
codeco_pod1,1.0175,8.5721,0,13,0.7301,8.036
codeco_pod2,7.625,18.2742,16,88,5.7094,15.9134
codeco_pod3,8.341,15.6931,25,20,4.601,10.6127
codeco_pod4,2.3031,15.6088,44,22,1.5819,8.8644
codeco_pod5,7.3024,6.2069,62,8,6.2862,3.89
codeco_pod6,5.4442,1.6235,75,14,5.3471,1.4619
codeco_pod7,12.435,14.2238,82,89,8.7334,9.705
codeco_pod8,3.1648,17.4443,101,76,1.7724,12.2979
codeco_pod9,11.6959,19.89,108,20,6.6868,9.9574
codeco_pod10,12.4536,4.2437,111,6,10.7213,2.2893
codeco_pod11,1.9484,10.5277,116,33,1.2227,8.67
codeco_pod12,8.9875,1.9726,126,84,4.7272,1.5854
codeco_pod13,13.2991,7.1957,146,41,11.9076,6.2189
codeco_pod14,5.9173,12.9881,159,12,4.2307,9.0095
codeco_pod15,6.7198,13.4657,174,82,3.9377,7.5073
codeco_pod16,5.3044,14.6051,185,97,3.7912,13.8069
codeco_pod17,3.9011,12.8494,187,14,2.9732,6.9575
codeco_pod18,8.4564,2.3643,198,53,6.762,1.3353
codeco_pod19,6.105,3.9848,206,83,3.4233,2.9799
codeco_pod20,8.9108,5.5007,222,19,5.3454,3.4005
codeco_pod21,1.5386,2.1868,228,57,1.2666,1.9604
codeco_pod22,6.1349,13.53,234,90,5.8768,12.452
codeco_pod23,13.3556,18.3259,250,49,12.0806,11.507
codeco_pod24,9.2175,15.9252,264,43,6.7654,8.0717
codeco_pod25,10.892,11.5786,269,36,7.0308,10.6665
codeco_pod26,10.3773,8.0394,281,29,8.3307,4.4029
codeco_pod27,12.626,7.5545,289,28,9.0653,7.0085
codeco_pod28,13.0354,6.3449,291,12,8.6145,4.0424
codeco_pod29,1.018,2.4887,295,10,0.5993,1.6747
codeco_pod30,12.8944,13.006,303,62,8.6636,8.4813
codeco_pod31,11.1903,15.7598,305,23,8.5337,15.4094
codeco_pod32,6.7805,5.6078,316,10,3.6632,4.1345
codeco_pod33,9.6545,19.3278,330,93,6.0354,16.3261
codeco_pod34,13.1611,16.9415,348,52,11.4623,16.4906
codeco_pod35,9.5929,6.2816,356,66,6.0365,5.1163
codeco_pod36,4.1946,15.3109,374,30,2.382,14.8948
codeco_pod37,10.0578,19.729,392,48,5.8463,14.177
codeco_pod38,8.588,14.4625,398,49,6.9173,8.6075
codeco_pod39,13.2025,1.2162,399,19,9.5213,1.1287
codeco_pod40,10.8182,19.2572,406,35,7.9988,18.9978
codeco_pod41,4.6651,9.2496,416,54,3.159,8.7674
codeco_pod42,9.611,1.7601,424,40,6.2349,1.0083
codeco_pod43,5.8797,7.0998,440,92,3.35,6.3575
codeco_pod44,7.3372,11.5162,456,88,4.6446,8.3166
